-0.08741295044287911,0.7370635675190385,0.9264360683371841
0.3534839848832072,-0.029789248872947205,0.9565999811695408
0.8156380450929541,-0.16147698306196667,0.2715142097773172
0.9489773071111616,-0.23420409175307766,0.06440410989297668
0.666584660005711,-0.8069800226701025,0.011756475432553669
0.5444311138070954,0.7774415100773739,0.05160935229903688
-0.481175711843838,-0.6062052797250193,0.09873649375224389
-0.9604886079675581,0.5730183704335632,0.002402372368139441
0.8705574507568041,-0.9166430055692374,0.0005112239779991311
-0.3730947541544354,-0.5241615931312553,0.24857840856838814
-0.8975271467059289,-0.6910745613280738,0.002044603101683437
0.8325443767581275,-0.5634129335601916,0.007989094829385982
-0.034281690678926946,0.6320947945112985,0.9883164458856049
0.48363692801718994,-0.4229228973605048,0.15870649516773766
-0.01137779057180488,-0.7643598631766837,0.9987062963740223
-0.5952817592096995,0.5636043138880544,0.04341686034563079
0.7454714954193677,-0.6741133116458322,0.008005399833664203
0.4800780266857432,-0.2655417868439709,0.2775391679417816
-0.9148696244528072,0.26522288340804034,0.029683649870691477
0.18261709406122528,0.504033139875312,0.7164190409915149
0.6328831137920201,-0.17599455822680543,0.21252317743725765
0.14978857704324433,0.9139831004049677,0.7990224962331711
-0.889607174813956,0.7230942755204703,0.0017499155794221764
0.5565976966480666,0.8021098288701329,0.04513894140960004
-0.7467614133047762,0.8688507711818696,0.0037856938846905237
0.9934096948039426,0.6588845063502722,0.00102628014788847
-0.3766669650508725,-0.07916232488721664,0.7310059468224185
0.4597849948160482,-0.026738008022062942,0.9648852914721555
0.9557188565569368,0.35538510724121486,0.006906156734773157
-0.13477270431501953,0.7596299264244197,0.8339041441642076
0.6651831138270063,-0.02346526402962157,0.9728445912275797
-0.49561044112732766,0.1731834770241243,0.3150677515403463
-0.10997656362188013,-0.8225325020848135,0.8860796398429026
0.5788459894732254,0.8638637390351442,0.03506237028325505
0.2679929814023809,-0.3960613037151135,0.4876280380819068
-0.21679170366217138,0.9649763819044834,0.625010751016384
-0.414939187120702,0.8405111494958493,0.17875389810169176
-0.5623659790802742,-0.009391494934417599,0.9955997009551979
0.4942898949351795,-0.8935417437266884,0.08688021028862068
-0.25833855357975777,0.07651582947372937,0.8695113856321611
-0.339698994586783,-0.9971511333229639,0.3153872376667558
-0.968655109418534,0.273290017124618,0.023888175940225492
0.1241648140970828,-0.12269559810731367,1.0733536475960572
-0.13176652746136464,0.28555357272108717,0.8406127594119658
0.10789382931359115,0.615221085652349,0.8901095054088473
-0.6401173226630315,0.8390075116162226,0.01661412789227944
-0.05418657085018341,-0.35889110751427467,0.971065026246557
-0.8476113250298174,-0.6907106659857098,0.00316853050769673
-0.6834752651729281,0.6352856979932517,0.016075028601996083
0.6682924370488008,0.8131977900091503,0.011491498082908091
-0.27921064304253873,-0.31620371734145825,0.513465047595743
0.15332290471287946,0.11433713731841544,1.0410596419336033
0.18343382383599138,-0.5359583418969036,0.7142803995556852
-0.9655010728282649,-0.6661582523305334,0.001285442653413849
0.154692677116669,0.7792123142871763,0.7871800759909673
0.023449325108619634,-0.45823304506167006,0.9945163817453923
-0.19761354764487193,-0.6298956515382481,0.6767108906376066
-0.42246951140807565,0.1735770910493457,0.44047397245539194
0.9324371383225218,0.8611985552666512,0.00039668569492900516
-0.052402491588100286,-0.9867773097001407,0.9729133927945839
-0.3954419964888465,0.5070841520344667,0.20935085009799456
-0.220421333581162,0.1677607305386155,0.8517156229671541
0.9151353739575188,0.5045344499987259,0.005316206636542171
0.8453168747610738,-0.07858836501866984,0.734322806764329
0.9802234574319488,0.5444820277231321,0.0023265937899153454
0.34209171002536,0.4920790183628807,0.3102839662349016
0.7921270647228575,-0.03752472484466707,0.932016045042965
0.2670338549138529,0.11809531676162965,0.8161767302809515
0.39816406556651995,0.8106549108782206,0.20487684610283963
-0.3295650261468439,-0.9085191365702232,0.3375198132078279
-0.8732993950468928,-0.017084815670163733,0.9855114378436174
-0.06998360205407472,-0.19087468079516356,1.0166260086793706
0.5742414663833246,0.2520451531385781,0.17494973876643807
0.5350273607552587,-0.7598036957871499,0.05712332410278101
-0.019913735335733262,-0.7972980243998322,0.9960422839334635
-0.1893001518508639,-0.7578268934434422,0.6988316045139309
-0.26721787030756694,0.5579901494317152,0.4896551544249114
0.449979504263053,0.4604549352273952,0.15733815177482066
0.44065812939887516,0.6285139053382001,0.14344610775246064
-0.852289610712889,-0.967877270376214,0.0007003181646250461
0.4776401282585583,-0.6121549568939346,0.10214101492263736
-0.2818216533665219,-0.9141505503437255,0.4519270784344361
0.5347118253814,0.5116690368477383,0.080825227064242
0.7568057387314602,-0.2983910173107558,0.04569268426482664
-0.9743264201299651,-0.05596105224161696,0.8550614268137434
-0.8941318845747883,0.8404125904016093,0.0006717111176752026
-0.6772312947815371,-0.04345336859543081,0.9099098392613736
-0.7680444502967381,-0.005874438233381074,0.9982760365072849
-0.2696499857046113,-0.019948147493865642,0.9803001983074614
-0.6771417765256511,0.18904824178818824,0.1674681849826172
0.22872350339334768,-0.1545819566194302,0.8539295691892612
-0.5060366580706772,-0.3100834038027682,0.21481447468588058
0.6063889193468464,-0.7562074926793956,0.025296854600552882
0.7793413581074706,-0.5752163183149184,0.011469197960675534
0.777882386978539,0.6872974165908798,0.005717348198170226
-0.429123363599083,0.08315198647359456,0.7077158251805916
0.7703442190441379,0.7056335029472329,0.005334283365901927
-0.12085518404254403,-0.6609717977949139,0.8641060668978242
-0.2949389930861346,0.11615159425039434,0.7563451486658563
-0.564661660870049,0.9933673242766661,0.0412366476240025
0.965679704525098,0.4028473360425848,0.005242416157687579
0.49681200798570235,-0.6142863029491619,0.08473540899555898
0.23917450915845362,0.9150994615064234,0.5643704266051619
-0.5457481725744342,0.5530322614842191,0.06109744690218729
0.9792171831858025,-0.026668451148088135,0.9650645252525211
-0.22192358883425944,-0.5123217286706012,0.6110962565781638
0.9901107778415279,0.5725107975943065,0.001804816638843056
-0.14776733716299417,0.32827674966731646,0.8038425524050448
0.015653937299908938,-0.06995425863959537,1.2182925521430323
0.8056893147348838,-0.9295966272168115,0.001516496227037574
-0.13837575892270415,-0.687404861505343,0.8257373728405873
0.35148106072980934,-0.42086966807753146,0.29072154483691204
0.9139929949272061,0.7327435636434327,0.0013092012338784468
0.39737883921030615,-0.2695627788592114,0.39466158952118086
0.7474047190982245,-0.1523530252684262,0.31330685056797264
0.721663315040963,-0.2763220758954035,0.06312643883623471
0.7837345838791683,-0.0701786407611793,0.7817251420662652
0.2895054425033605,-0.8675423424872872,0.43251684197286283
0.47582820866975317,0.9571896426240938,0.10392094203503051
-0.06238149274537452,0.9749844160721051,0.961832936219184
-0.48621923514949716,0.537996617698312,0.09403469714144372
-0.6380680574649784,0.7323019854687018,0.0170550580474772
-0.28213998645991833,0.5594179985915593,0.45111647220449913
-0.4868049187642922,0.4878877963812962,0.11626024578187649
0.9580077693369411,0.7014289122525388,0.0010854469145857464
0.9598842834926655,0.003480849431593658,0.9993943678309711
-0.02042431614543294,-0.24108453302105093,0.9958371618322941
0.5210355598089365,-0.6803985524329241,0.06621948355282449
0.18573126815392071,0.18955202639839186,0.8789855486575022
0.23336052114589934,0.9990770124576218,0.5800903983891351
-0.410312159177352,0.30062944218891974,0.3428277666131714
-0.6022924958735847,0.7049227757475425,0.02658089628847753
0.9341097371829241,0.8345372653971039,0.0004895990873366231
0.48728919752004796,0.012937184266403445,0.9916663818931355
0.37317842102265963,0.5810022297832542,0.24842324878259173
-0.27447195979720185,-0.7525996121238785,0.4707874469665308
0.8162457069652447,-0.438973854686447,0.017049541879124767
-0.654016929921156,0.4541073768336883,0.052517190742017376
-0.14566329428393643,0.705403269940154,0.8088207526664312
-0.9598235797755019,-0.9309436178354265,0.00016386902650242948
-0.18918602032666199,0.08591614494575084,1.0073054355070155
-0.9727231199088406,-0.11084671386828804,0.5409925890896303
0.0691956406608587,-0.5963270842997053,0.9532478202817837
-0.48725418097456874,-0.7790873249352601,0.09309206132230305
-0.23126440391007863,-0.2055762135049397,0.7744668134362608
-0.44836794498387333,-0.4609273633964126,0.1581366587854428
0.20984532472316086,-0.6975591474519491,0.6438106595078547
0.5652453934229249,-0.7079540545945948,0.040965560713503324
0.5802112321093471,-0.5160329413335918,0.06132720087817973
-0.026595166231991207,0.27373127647027773,0.9929519263277391
-0.9194561413944211,0.325036281452999,0.010758088919559415
0.48155835213950726,0.32180285857266266,0.23360255742895605
-0.5734349479188643,-0.030623229011387476,0.9541932043510511
-0.9686227775394698,0.15945986440199023,0.2804464678309821
0.4545842821955115,0.49949885068921596,0.12776197634677505
0.19525912501870324,0.5780937937727821,0.6829994265402255
0.47779461682191693,-0.9375108193871156,0.10199036217526024
-0.4402784433350684,-0.03602402280404626,0.9371738163090756
-0.3524678053243322,-0.7052770491875,0.2887091387733081
-0.7963600041556067,0.09273856496876465,0.6504947370900804
-0.19912227347997913,-0.37355274020478046,0.6726724306229227
0.03350436339230134,-0.20594360576966464,1.0054819669867325
-0.9603956787198196,-0.806420159707558,0.0004807211829670769
-0.2826840743110244,-0.237296480316179,0.6325753241641798
0.8255254774453764,-0.8683627643655736,0.0010972775306570411
0.9475412451312721,-0.3429417795603542,0.007796550975935455
0.8646930890890197,-0.896703662494376,0.0005659859048386448
-0.8876429783003632,0.42316318693924515,0.009934495868766373
0.9548081049530832,-0.8954912839681892,0.0002376593449341608
0.21214968911744458,-0.7501571822906021,0.63758039128324
-0.13427094788784832,0.9719995431837183,0.8350306280813748
-0.6167107920121011,-0.6341056823212021,0.024997798065650858
0.6724263669230419,0.5581520469276593,0.0274521420132878
-0.8681033683187731,-0.463920945505792,0.009843076567246051
-0.32984577993204023,-0.12977456298593704,0.6669402432754619
0.16075638256108915,0.9553247024569005,0.7722660643897024
0.968990484143391,-0.41362365001598844,0.004858663592987131
0.869794319590852,0.5953274743949841,0.004836126205450859
0.5183594178430069,0.24474045032025638,0.24175551813133178
0.8789608637406685,-0.5101376547814891,0.007148022151190724
-0.5452807883640378,0.8651794763862117,0.05113370646117439
-0.16962069633526178,0.233913825642865,0.8234184679985572
0.9185740491404213,-0.71629534530067,0.0014142683115263724
0.8293722606396188,-0.32671146200768675,0.023521271916905614
0.977403857134844,-0.653079228299164,0.0012482529558698048
-0.6701543422728944,0.3959216782380257,0.06043659152559945
0.5125697769176916,-0.8120115677237925,0.07227494427492726
0.14541486900291822,0.7247605503037657,0.8094058319657497
-0.3867200420293886,-0.04096536051452593,0.9195158126243731
-0.20714037467744184,-0.34766334336673954,0.6511134717396818
0.02623370759312027,-0.0049233748125177,1.2455551275805372
0.502737019335137,-0.9143550662224815,0.07986280083892215
-0.18247087965071795,0.968942531120849,0.7168015756115302
0.44761716122538897,-0.04433343193212802,0.9064017311570469
0.6738599364538214,-0.3699049498285816,0.06512538429702804
-0.2878393484883135,0.34995320589115253,0.44778139065756517
0.6704936509761223,0.3067560379423513,0.0824831323629088
0.8702571039487226,-0.5053675762438772,0.007902504699851801
0.12594503339415675,0.4313529090666204,0.8533192669405436
-0.6175148794501055,-0.12765001322134628,0.4427604970843718
0.9171975931565841,0.21050975695125396,0.1090751823068708
-0.8615026441149587,-0.11350856489637806,0.5250773387990008
-0.9567758865213214,0.316093868119667,0.0078007640017313425
0.7298042787021921,0.6385540213186054,0.01134833700178007
-0.9598317000424428,0.003786020740016438,0.9992835591142256
0.06916401889382362,0.738009751679406,0.9532895274727963
0.7453665288945437,-0.9820974489322465,0.0038653129732377327
-0.5746824018569827,0.9163325811430767,0.036787446120384176
0.951272153524535,0.2337712165449377,0.06505975756684826
-0.8878200734886434,0.1444020016254024,0.35253798499964717
0.00972339290182056,-0.06313748687652643,1.2247529108479585
0.8328839742391307,0.9491515520255167,0.000971220387853541
-0.17276168233108025,-0.10537835682407848,1.0185576586984855
0.5144411426738227,-0.08554178095944809,0.6935930911056837
0.9859336844084174,0.5943392379990342,0.0016559535911693799
0.8901181420101583,-0.35749260368315494,0.012557806300441291
-0.42553284547043435,0.22196641461554578,0.39510927465534995
-0.8914042371262325,-0.9833638351931955,0.00035407027780325344
0.17641491993044722,0.2748862169433095,0.7332418178859333
0.15441852015480717,0.10141132919960394,1.053899259184758
-0.5287388000586672,0.5800298743002881,0.06107533438431358
0.011584007960715903,-0.13960530815336747,1.133176096321483
0.0914093210794873,0.41838176198643406,0.9198389856976165
0.0991047660895421,-0.5207366910900804,0.9064516868051571
0.6092698356780202,0.326132753734129,0.11478230124608262
-0.13443891398115482,0.723969869844842,0.8346538291796768
0.46684037889386065,-0.42417730931115893,0.17098352123209035
-0.8254840816061106,-0.5306084491635019,0.010135583527752165
0.9010815846450013,0.6794284770448888,0.002144793853714033
-0.009169527549169665,0.18114515443817059,1.060409670703302
0.6879658293492619,-0.8220338848746371,0.008800296863994203
-0.13078247607935323,0.4041222271213041,0.8427873889051295
0.6068416531664194,0.21810288118800902,0.15629895261651489
0.07197287628545812,0.16632364631784413,1.0606960038824307
0.4989706822719009,-0.6662848959704655,0.08293339877740924
-0.10880431142888836,-0.2015273982028467,0.9616403057853767
0.4255299870041178,0.294507439993023,0.32761751660558935
-0.8939177240264866,0.051722878764220104,0.8747975337643541
-0.170727734846837,-0.3148467870491021,0.7471572595952745
0.32273218039875284,-0.4024517325308401,0.35290350983789676
-0.3673767328775541,0.16944418265914263,0.5514294219574701
-0.6087596718260968,0.20589749614790454,0.15853703819581091
0.25051232866668394,-0.8382290605125546,0.5338906329860343
-0.32663849350170127,0.2008722644812817,0.5992548519116015
-0.39426178154961966,-0.9045835413292762,0.21131116336966807
0.2688588879886509,-0.2967586876600812,0.5606768578125055
-0.9443666437429317,-0.5624753436090049,0.0029738710273954196
-0.12045832474224705,-0.26934915595744546,0.8649339961443345
0.3605558941652469,0.8110026889386057,0.27253028643527505
0.661942292587592,0.6079398431587049,0.022023423075140137
-0.22843153715981868,0.5757461719249561,0.5934456338783901
0.8290945857096161,0.7984055778994266,0.0016597256803753306
0.5174968927311276,0.122612642963569,0.47156750768759825
0.9373904353426008,-0.8095369491700264,0.0005831238547205056
0.6835036911273089,-0.8998137991994504,0.009355667609806627
0.1519180839635288,-0.3391464015014818,0.7939053412974376
-0.7412784607264371,0.9965358656955039,0.0041075129168069305
-0.7203853529013469,-0.8353233964662188,0.005574511622892932
-0.2950133362646512,0.7366710160788985,0.4188138684757424
0.9711571318474439,-0.06705676851002407,0.798651570623299
0.3157492409998499,-0.23865699317665823,0.571134716342364
0.3886830702176458,-0.615974340584142,0.22074539713673885
-0.775630108352408,-0.9223260131914859,0.002439357363874557
0.43697999386774056,0.1311674100033806,0.4414729756470454
-0.5027577660735463,0.6954345086246094,0.07984614260742627
-0.3837835245787784,-0.011945973859367465,0.9928900813460679
0.7546533625339495,0.6198141719233683,0.01061791112378999
0.32266987809819714,-0.1338746018928363,0.6790586724928269
-0.6992955147165385,0.542871637746418,0.024835638811013593
-0.9740033274556916,-0.8027497495306188,0.0004340700375601794
0.6935232088713326,-0.5921423418753335,0.019547821712584443
0.7588781353655099,-0.17205800104342628,0.2275926692533802
0.5755792079325619,-0.7574881420951041,0.036409911551189264
-0.4330394736632188,-0.8722047148790599,0.15331941446661165
0.36005775730208334,-0.676281533322417,0.273510330614481
-0.26540025260893163,-0.996087701312695,0.494418506722131
0.17174998459886903,0.6267110439916725,0.7445460522937938
0.3860529587547088,-0.266933512344699,0.41548515907088246
-0.783689637468272,-0.2557821414248074,0.04180136822127035
-0.3756978792757366,-0.96194012196519,0.2437800328692465
-0.23944108069042058,-0.6786858334121881,0.5636508320999921
0.8016682817700522,-0.00515359289659445,0.9986729053827307
-0.5442303491519651,0.3977610742832507,0.1288818514598753
-0.5371535779102412,0.46820451607981783,0.098706584315039
-0.7055612440183281,0.9789800317344699,0.006886676399956596
-0.1576110112391247,0.714745618441819,0.7800382604533803
-0.2874522631274192,0.6636707707486638,0.4376708934864795
-0.39621658256543,0.22349170215323366,0.44417482020620797
0.011069705427569687,-0.8938315930595597,0.9987753666936039
-0.12812632086317688,-0.578159040882392,0.8486032291282042
0.006716795982042667,-0.8374290976340752,0.9995489482717858
-0.3176183322394004,-0.9206790798702242,0.36465118139735897
0.20312780451288082,-0.6008569984415784,0.6619210104923473
0.4401885788622384,-0.6463374328930149,0.14404063242253257
-0.8710641104088293,0.14197836664224628,0.36498726014540783
-0.13634353663189658,-0.8044503083386423,0.8303602802254645
0.7924025323606607,-0.8981070657259784,0.0018752416780314835
0.9098180429227902,0.1100179288360934,0.5459667332160367
-0.8192324232962438,-0.012305421833584296,0.9924574187884081
-0.9165560135272515,-0.3820716198423648,0.00903070635203768
0.21011293728378377,-0.5843653707123246,0.643087512213241
0.23858208953898163,-0.8142141607466848,0.5659700403137012
-0.08468454414404691,-0.8328468059202596,0.9307963953770774
-0.7090126425414904,0.4977415747450906,0.029331757938605575
-0.7431411267355748,-0.0845761279461279,0.6993135479179141
-0.36962047160848566,-0.25187086883402676,0.45971544134684156
-0.7589739452949704,-0.04940730345641442,0.8851004994316188
-0.004977218152878438,-0.9041779612774417,0.9997523036763876
0.970953312896847,0.4133271069045885,0.004772883667347471
-0.9834824367205652,-0.6471715110227685,0.0012220814239131614
0.8031823590775229,-0.5910139078897887,0.008661623048715636
-0.29436358632030046,0.9946075867190636,0.42042078108144887
0.8643601768492271,0.6734164225086334,0.003089032277821994
0.915807163347637,0.5579184600193328,0.003978958047656979
0.42551214741735444,0.736549573784945,0.16355501272084233
-0.6413449588136602,-0.9541264524998454,0.016354804657616323
-0.6838012631774317,0.01830260007458473,0.9833902304905217
-0.044814536471344146,-0.0781332535710706,1.2003075448710545
0.0847749153398012,0.5410650052995829,0.9306538617672602
-0.7125313653219469,-0.16223238010743857,0.2682147649151914
0.7640210684829789,-0.06787236458298551,0.7942691512887319
0.6297627870460314,0.45307847074253194,0.06165118724827375
-0.6745197013717987,-0.3615871451598931,0.06683910910568638
0.7597037950537147,0.5977107156832793,0.011691464562379055
-0.22749846756429948,0.04472274178077407,0.9553907780058939
0.0694103152665122,0.10845481528429013,1.1505526097737027
-0.10542799416954662,0.34453716704243464,0.894803963811736
-0.4439739898639321,0.9089529445175308,0.13929949314942888
-0.6415747851953824,0.09910485599589802,0.611959837209222
0.9626661795095246,-0.4244770913119482,0.004935055698255743
-0.279760418429144,0.03395490801267376,0.9439833139366179
-0.6309787367817237,-0.6894273311056303,0.018660586322390673
0.9284212720965497,0.12180832216644344,0.4762257047693142
-0.8230658168516296,-0.8506898368668343,0.0011426862958127193
0.3063758724597585,-0.7629285461032498,0.3911509421235638
0.9000586821932544,0.7230832001992342,0.0015938047803006233
0.07964558960813939,-0.7543206494257491,0.9385358734547019
-0.1440237837985403,0.12085289793582032,1.0474956133980244
0.5905700399828913,0.5948573789977951,0.03725393075672269
-0.9958635984186941,-0.9682121926148943,8.086315862697847e-5
-0.3378453115074067,-0.8452534656068349,0.31937333061488643
0.07391462377588032,0.7690595290534596,0.9468318937441884
-0.2678768759994874,0.3648796252043447,0.48793152189916195
-0.2874141797392371,0.24381866745694558,0.6143879467481228
0.4951670028624773,0.07631647077986337,0.7473585774865329
-0.49754447949145364,-0.6826496469155459,0.08412049104549153
0.26973033211604847,0.8807341208024551,0.48309376166728984
-0.30655165004343776,0.5494142170588869,0.3907297472634828
-0.20083019336397845,0.8248150157072927,0.6680931522670284
0.7433246982781778,0.41051080448102284,0.03397568738674596
0.1002277680564776,-0.5539995634730159,0.904424856584019
-0.062303064879801084,-0.6598450313478197,0.961926995995932
-0.01469674352880146,-0.004917047741214375,1.2484998282467572
-0.9824858812390262,-0.8412850684283999,0.0002910394262255825
-0.39763231355015227,0.11290694173515448,0.5319777466918597
-0.5654220604981819,0.8514002243630177,0.04088381297800931
-0.971315398625628,0.574972449549942,0.002139696985725346
-0.8956429126890486,-0.6849001887976625,0.002169672754864506
0.7219397207207643,0.18288977862229738,0.18778951278630784
0.091988559188799,0.3613954682260385,0.9188623500007181
-0.12114608120645598,-0.8373518403767206,0.8634979720541451
0.5359501483743787,-0.19632456531631837,0.2451742906048564
-0.08177390763248904,-0.44068745266701836,0.9353170467898233
-0.9374484612735554,0.6621218218370075,0.001724305236341197
0.3182027511317622,0.8467740293814137,0.3632987035578197
-0.8746203662962144,0.2467058170936225,0.047682634241784844
-0.0837121807060126,0.4917099682728381,0.9323217561212952
0.35498326120639145,-0.45338026991429703,0.2836168256240822
0.5721381343212437,0.014221524891856019,0.9899383717858873
0.0753939191023516,-0.263571210680823,0.944742920425648
-0.12796934566182183,-0.3693525259230417,0.8489444418822419
0.6109064856679873,-0.630815787575846,0.02644910631089492
0.01536250305265896,-0.4309175882831875,0.9976427177633753
0.8105372081963329,-0.44482400030466285,0.017404069265432837
-0.8173868411675527,-0.02466064748655583,0.970050277141983
-0.1898195707072956,0.9005320311236054,0.697456805895985
0.8884650585267742,0.31862247133932287,0.01453335907599744
0.3779818838954261,-0.6892021484784587,0.23961949637656565
0.23020156154468996,-0.6151807961411395,0.5886475924745715
0.5486725933067251,0.5890476666013347,0.04927117047039664
0.952100246117114,-0.3352648955927995,0.007663062330654735
-0.913658967232265,0.8540540687062166,0.0005015728223287682
-0.13007698752233643,0.6215313390847581,0.8443398269737465
0.4302815294708284,-0.9423694089534829,0.15701374243402755
0.2104121263313754,0.5924317215085146,0.6422789108403204
-0.9613137183586262,-0.908519765503826,0.00019854047074660766
-0.793781384040279,-0.6321470990903915,0.007260180041325476
0.7327076405279702,0.13831179749697875,0.38423241336495545
0.12341337784956896,-0.671447403381576,0.8587232221220328
-0.15883727102885148,0.3675661737262572,0.7770172044744007
-0.42894964575387085,-0.8287316290133009,0.15882092236433804
0.36915854354826627,-0.33065148108601905,0.36608175003120635
-0.12931576358957253,-0.9139840799503336,0.8460086734465835
-0.7043633420174293,0.18866634933289683,0.16868038485628148
0.632084453728416,0.6360873601205104,0.022425739826416158
-0.677277497827373,-0.7077105850323111,0.010309887890876442
0.8186170969671016,-0.16197638902675293,0.2693300957026783
-0.007325136589778181,0.13824654077894372,1.1357744272238808
0.9966732320550111,-0.677382774421244,0.0008779848482699344
-0.8372262571160809,0.5735753887808483,0.00725155674451234
0.8475488409540981,0.8945083266783058,0.0007590898728500826
0.13376983114754015,0.25958402974271677,0.8361529925047565
-0.38647570415963517,-0.7303817946980555,0.2245549806621547
0.869948741642534,0.5467517930669996,0.006373553407084728
0.374927964091456,-0.6895172803162648,0.24519296098340349
0.5234331053804009,0.2516660436074598,0.23143724658915402
0.6647839632135346,0.9825835918815347,0.012041729810426675
0.5431614927864077,-0.6954391541904552,0.05232693282651449
0.0633260187673168,-0.6528106867860792,0.960691591065496
-0.8231623827991066,0.18675030817871008,0.17485750738623368
0.33958940801862236,0.978193588822508,0.31562210212386904
-0.7051206175585281,-0.1372719988522617,0.3897771616883044
-0.7734040070216859,0.10622583483200665,0.5688170649415396
-0.21388102990135494,0.23208480328937675,0.7596490694740682
-0.925881679544369,0.2346749001572337,0.0636971512859091
-0.5086665857763484,-0.7557932828270637,0.0752140707228119
-0.7807906626185119,-0.25978050694915167,0.042321658537692465
0.3493992089305613,-0.8695684649390378,0.29499464598422875
-0.06164173199183964,0.7387541701216194,0.9627157989691845
-0.6149043567122905,-0.12828377858060236,0.43918418752152655
-0.3613228565090387,-0.054639157512290426,0.8613349061855176
-0.20406255553096475,0.5429838151360904,0.6594063847678319
0.23948303423279804,-0.39278781737675894,0.5635375915774439
-0.24999760918678282,0.21662980415464195,0.7232554267127767
0.4211680780279601,-0.9249639827592349,0.1696826248389178
-0.19406104804147017,-0.3392988043654841,0.6861926198820041
0.5207372416457139,-0.11076234384229222,0.5414985768690328
-0.7573248712160527,0.3461550261644559,0.0390201241460247
0.9514496063568796,0.44365479426218046,0.005055461685545225
-0.6761686063128338,0.722587079305465,0.010336852655026974
0.678944139591692,0.5094293647807775,0.034072197132343995
0.8539523623771421,-0.10220105043267669,0.5931827578492878
-0.11427481299321185,-0.5056948315600014,0.877579851566281
-0.4871807767983547,-0.015519274788917015,0.9880298249449032
0.1837434628913157,-0.4287944727741837,0.7134687782886704
0.344347850118627,0.8752741537628461,0.3055156058143312
0.4663058492293404,-0.9003299569593668,0.11367503740091128
-0.8762965585438198,0.6570287582731809,0.0031049157821846952
0.0658070707416043,-0.3708140907656574,0.957618595951386
-0.5746944546648145,0.3902126624750184,0.1119666030085463
-0.3542922756705744,-0.8329870540847721,0.28501024100780836
0.06452354736718635,-0.4032400823327904,0.9592218638898434
0.18504136374724567,0.6418935093385916,0.7100619473426723
-0.49986723143705647,0.09257357072170103,0.6514899556471588
-0.9754257068445333,-0.4142185387451047,0.004552776621082068
0.4272072956857995,0.5001674688748743,0.16120785289417583
0.8409522681406483,-0.6118943017401466,0.0056003106047199614
-0.32136722811949703,-0.3944969109679808,0.3560197923837085
-0.3882875228963756,-0.5464958174853383,0.22142485450532415
-0.008863901729896373,-0.6789180768718595,0.9992146210328627
-0.12747495277347953,-0.7238570792914596,0.8500172497790315
0.24742461139746408,-0.07801111453246246,0.8928114967403178
-0.18122999418071095,0.3307399198107641,0.7200438918643242
-0.14055549129356515,-0.3647359315707779,0.8207321581334828
-0.5353187001461681,0.2834134377092168,0.19962735294572687
-0.4118702852870215,-0.12824822622244736,0.49298321811975476
0.5398691664076882,-0.7509355351671412,0.054226412790691306
-0.002105169138448826,-0.08870614340380945,1.2017483962042657
0.44822671406000536,0.4625431157023536,0.15706067959165065
0.3454211784981702,0.9351121362853911,0.30326207735591515
0.6554503584152065,-0.020128461935075004,0.9799460606419226
-0.6804129556550604,-0.902515365502748,0.009758487086199695
-0.24947344292760043,0.8059959513760013,0.5366710257111935
0.8944349312629316,0.5596562645401602,0.004781498192483517
-0.28095376164556374,-0.1236019934051038,0.7804233161755953
-0.4508616366936249,0.36902069148063554,0.22898039748356191
-0.8229915320719736,0.45822506089807247,0.014797710736064807
-0.40600850397678845,0.9272105536047783,0.1923518459474006
-0.8591511469063902,-0.9103348836055023,0.0006227241386737875
0.8717070239101354,0.6332820814644748,0.003767087585257009
0.455114702889692,-0.42170850850383346,0.18237436694079717
-0.7942075787012379,-0.5127498594697348,0.014332194179708178
0.24431620339682647,0.16164549883477086,0.8138698449812451
0.12266880962842319,-0.4592604266349818,0.8602980598521577
0.8193973523700817,0.6194615886719053,0.006392819617379746
0.6211081670588723,0.8432051106003227,0.021115380891090746
-0.729118231719482,0.42619574075464484,0.03532594938661693
-0.11586291007668037,0.5411159461518769,0.8743783176019083
0.002907378797701199,-0.7546952157448026,0.9999154750577011
0.8320307409308185,-0.22305450273227345,0.083103741052055
-0.14412354585304055,0.814708766216131,0.8124377649532692
0.561854065630895,-0.11423807222737214,0.520733514112573
0.567857100186457,-0.44580709529081797,0.09228398056258703
-0.11477165440005277,-0.23627295123292447,0.8852867728218978
0.8926207129331847,-0.8057839002741203,0.0009053819997268961
-0.3019331142768904,-0.09523968125139737,0.7572760259786782
-0.056191168210981024,0.010966154492052294,1.22968130190395
-0.38114908521863256,0.8836248575488919,0.23392698280118562
-0.9235819900917164,0.7160115289656492,0.0013532617915057795
-0.8526741852202828,-0.061398124281418553,0.8282116980820036
-0.9670671857300186,-0.42026106042843603,0.0048148617243590494
-0.5932449366715165,0.7027660348084253,0.02961733198843855
0.7731744616124259,0.4293293752411065,0.0250352924566107
-0.48746149540273054,0.4676615015940955,0.12764703073486175
-0.256381124962791,0.6336130278078551,0.5182420787618524
0.731201088678896,-0.5490896052199761,0.019108374549887095
-0.9629169237776629,0.32323203027758995,0.0071883315462463035
0.4334582387486796,-0.4585590855723085,0.17073052422950802
-0.419411961818253,0.6764619423547225,0.1722059840240342
0.18949291238025534,0.4880730683462453,0.6983215294143258
0.21752555658711703,-0.551520129002145,0.6230218567867079
-0.5320840895642904,-0.3713637948087194,0.1522884009819414
0.40994061661681247,0.9539602282000286,0.1862783736609164
0.2575987989588058,0.3668757394326456,0.5150087375992486
-0.8661483464335589,-0.5491528608238831,0.0065012191275093095
-0.5569623703116575,0.6739700221370488,0.04495601015530607
0.5028125798453218,0.13862701739324357,0.3825589585601619
0.19055178277152907,-0.5480739132653467,0.6955170041010521
0.1318633921998451,-0.4086094480533857,0.8403981242181917
-0.2982144973322909,0.8579904624811574,0.41093556037318485
0.6090494267178082,-0.8021487519536894,0.02449191926258625
0.8245610821538489,0.3653259251001979,0.021414725257244756
0.1478397204285884,0.49446480289544015,0.8036705725805785
0.24937302423610386,-0.44670888681381826,0.5369399304086667
0.9430939747919591,-0.24424783307290232,0.05064827034454573
-0.7500453489422287,0.030780802509733363,0.9537316941140231
-0.8160898999305277,-0.525743136633408,0.0112330011593372
-0.24305982072198407,-0.7402309916527876,0.553894654585621
-0.13177832354551522,0.9189980839004501,0.8405866268719087
0.7675991013310219,-0.7717089655465201,0.0033440521525228755
-0.809925883174273,0.24489478788512287,0.04985318680843851
-0.5618580840888323,-0.6463603572679582,0.042559802836533156
0.15842812398763417,0.4833576903478711,0.7780264914298529
0.11508387162138578,-0.9001633103071962,0.8759528838306637
0.780211098142181,-0.026240810877137255,0.9661569268823208
0.09526468218810047,-0.6721278638895261,0.9132427091732969
0.30591127704797505,-0.21573702256752214,0.620346360882706
-0.7684670382669401,-0.04672663025681745,0.8965789736342793
-0.4517458606955469,0.2595492009596023,0.3217253651725521
-0.9447206133465902,-0.3339583559753585,0.008254617380418501
-0.48799190182119356,0.26702849773181137,0.2660534573512869
-0.06222125742742857,-0.21350256853391714,0.976158208416787
-0.6936781712614104,0.9791839394156259,0.008132441826573395
0.3267327273367988,0.9240481866538031,0.34385241111452125
0.33643668976981456,0.8227573668046668,0.32242121659019074
-0.6367214602138169,0.526682593952136,0.041134820089503664
0.851390998804147,-0.24675705642923695,0.04762239025266268
0.9688287409450291,0.5075516215172278,0.003157276981414058
0.6623374717282031,-0.42866925806110845,0.055626379155539765
0.9502692654974039,0.5855613010391423,0.0024631234980141093
-0.4911004102241088,-0.7854812167491096,0.08965411948597644
-0.14045336222312765,0.002918525027319374,1.1325426385200361
-0.8508253028265214,-0.5045137994126687,0.009381216839764634
0.6292258443962093,-0.8824080817658462,0.019077385845146008
0.7578794562934119,0.7809708669079731,0.0033515234516252558
-0.1294203491440129,0.6454056291608354,0.845779773965167
-0.0012442733482522783,-0.9793164658793554,0.9999845179581963
0.39083880094973944,0.782751765075983,0.21706689885944766
0.9519400668914779,0.8728901338670203,0.00029827584881369156
0.9350140244882796,0.9522788365400776,0.00016956275032528116
0.8208544734195196,-0.6447939963769531,0.005382171992677619
0.2861026936788378,-0.3806569358604093,0.44107184044339265
-0.7930608696719346,0.33830570509871705,0.030384036785648202
0.202139842794963,0.1446617533554968,0.9177831435557705
0.07176378744943945,0.797663870057747,0.9498032587468158
-0.9495024120265649,0.9589983523777939,0.00013872461178259549
0.13583160573515873,0.7331540469106597,0.8315180680121638
-0.4568172181183696,0.49696724293491945,0.12807381452694078
0.5061436134811121,0.7810020450915618,0.07716466957648649
0.422331862607324,0.9569647303550566,0.16802508054992588
0.23770363647316328,-0.3686915746265991,0.5683429894026572
0.0015922610887473265,-0.23576101062720634,0.9999746473676361
-0.8757065815715062,-0.5298786064032583,0.006637477904268741
0.7463473749975327,-0.261675465051304,0.054781720150987034
0.3810703272624374,0.004882786269129191,0.9988086301577166
-0.8278720606047856,-0.02002475163210149,0.9801501214497433
-0.7040251350840709,0.3460444754927947,0.057622204087466676
-0.7677479686715116,0.11248827418650054,0.5311660517459904
0.43174451744092,0.9282139426549825,0.1550460230235828
-0.7953363795181287,-0.7255148813218195,0.0038047102258896943
-0.6038966908341645,-0.7308414173775921,0.02607150999289722
-0.9284801013728305,-0.027366707579297378,0.96324562809687
0.6564608504099496,0.5426173598932793,0.033249063237735896
0.9232057479643621,0.8523044298575486,0.0004663776147811942
-0.43720769646711166,0.7199856704606558,0.14785758995374773
0.10092612823699376,-0.7153885343900168,0.9031552317774784
0.8557349021863947,-0.9253647145905841,0.0006602960729197952
-0.8771341255351686,0.5183455308657039,0.006963394093291593
0.6571675595548663,0.01879489045566718,0.9824926704561918
0.6791507342759269,0.3450418663596846,0.0686760679919421
-0.04441943811263238,-0.6821486583425198,0.9804625147536744
0.06124014838773273,0.26971130698959866,0.9631909909262977
-0.07992286086476508,0.2196617729567949,0.9511806851128479
-0.7905192807921555,0.7330128125600355,0.0037425090178568963
0.04572030404202332,0.8963524733384625,0.9793135009563656
-0.1439989242802604,0.025072153122922103,1.1233575755074712
-0.8878872824239459,0.5585148119838839,0.005101250587054962
-0.052813049166574144,-0.7844018445997893,0.9724932137891658
-0.4628888135327953,0.45884297454421197,0.14943838768617926
-0.6013281824260419,0.6139584617984701,0.031130746097730783
-0.3402853621567856,-0.5371553028985983,0.314132226885801
-0.4290938802579649,-0.5842613260395422,0.15862448799092727
-0.9575136415577381,0.9311509229242396,0.0001672152716533729
0.08634875842810819,-0.5672030366373211,0.9281507801161082
-0.7524542633203954,0.9649799611782477,0.0034759961336077285
-0.7177329318583998,0.46711994147556535,0.03195059566479781
-0.0867931985552608,0.21461628458112703,0.956167192853197
-0.7386759239424976,0.8894506976713639,0.004268805615866222
0.8230401799786855,0.017758811886033232,0.9843549061463652
0.3174620433760391,-0.6428673274063454,0.3650132992197624
-0.11286744639865143,0.7463736073344087,0.8803897211824988
0.7173250088255483,-0.2408622362388575,0.07138229751445176
0.36586622077778475,0.6120898108429251,0.2622175136020728
0.8710724622307997,-0.3431552552220316,0.015615827950246441
-0.5273298180064541,0.40302968274964623,0.13815144619588135
-0.7897781234862506,0.3326119606315321,0.03178510636692908
-0.2071679813644911,-0.6207883992565282,0.651039003715797
0.411747715129567,-0.5852916542638451,0.18353281316344736
-0.14307314382926206,0.8964807406747639,0.8148923626333309
-0.9798893506571309,-0.4660860584867257,0.0034687769333839554
-0.39386492725028344,0.5289999731214945,0.211973119072212
0.43831675931050307,0.5694618355275576,0.14642882351147915
-0.9256067607253657,-0.7559449721026388,0.0009899463280218603
-0.2691410531159535,0.695710754614544,0.4846302428311973
-0.33472216046465597,0.5147767740626707,0.32615281588648426
0.6106189644154947,0.30154648833339825,0.12297361358332007
-0.9738530954975435,0.5271065502217793,0.0027175833084103294
-0.8093323494413656,0.7838440213609681,0.002189662280059381
0.15933246525161748,0.536713509544007,0.7757939326041776
-0.3761734018684042,0.9702489769783316,0.24290999802842714
0.0254256597122291,0.2600147598773712,0.9935562091229835
0.22938930223315546,-0.44160321428754745,0.5908491616476498
-0.20682320760654394,0.3001230285851446,0.6519689166467504
-0.8896066418691058,-0.8970468660192885,0.00042760027565855196
0.9239958481867769,-0.4386114457536283,0.006686945488881876
0.685937652522346,0.7369050814272402,0.009048967361532722
-0.8862587916863449,-0.4983272408680941,0.00711336498011236
0.00873627555653922,0.07666425577474367,1.2133375863327966
-0.9097585512019559,-0.3278178781802019,0.011649612487676339
-0.9783815368391509,-0.004831007262049436,0.9988337490415686
-0.6853028272647239,-0.11158970613884,0.5365405561599853
0.547246411272948,0.49849534683236785,0.08072252067696642
0.5915909249455824,-0.5105696288992476,0.05900327720053684
0.7134107536756042,-0.37055569306234126,0.04938104789297736
0.6485990219113091,-0.45732215455181646,0.05361225119098211
0.960132411386438,0.07447280343609841,0.7578195953063468
0.4007815994980468,-0.4741853641129874,0.20063681317500787
-0.7523727584384352,0.8007734463521401,0.003480262084468689
-0.5011593927826281,0.4594903233034624,0.12389548649719383
0.581869564043441,0.027152819111857518,0.9638074169416482
-0.962944348152007,-0.9408448402511786,0.00014495160874882627
0.8421043750429047,-0.23380113495890043,0.06501426735499231
-0.8313549942214855,-0.05488148245671898,0.8601926907397376
-0.14603475077733008,-0.8146349566040265,0.8079448446635589
-0.2558123925102842,0.14006636868544464,0.8169729548420126
0.42766209385589704,0.004746107733384353,0.9988743570809713
-0.27703766800326224,-0.9829170297925924,0.46417265488323184
0.756266864893542,0.27549165455986735,0.048995218756713865
0.6695371306820794,0.6196516835384616,0.01948525330928608
0.7911722069388143,0.4901296225647567,0.01644458577072742
-0.9389694491220653,0.8347712649158194,0.00046690259211125493
0.6200045812806112,-0.9269035290578329,0.021406582557885464
0.20214496137676852,-0.6958128916042485,0.6645628292713152
0.7306352866554906,0.6455979643193441,0.010780894740675371
-0.2596230993542288,0.8772151480756885,0.5096446620480162
-0.19151978833489358,-0.2829073370152262,0.6973705304167501
-0.07810041172712778,-0.37785071837492534,0.9408263039298924
-0.17957309181443937,-0.689872444525909,0.7243613180256665
0.8765466761836564,0.3717849547922323,0.013438291273231085
-0.3867011431771341,0.3302724639024279,0.3430274446640829
-0.4407949134750204,-0.9476208232276389,0.14327326080820119
0.725537173198453,0.1540162881683309,0.30542505455944585
-0.5278173501810479,0.10970302349139671,0.547858811675492
-0.6990708054396386,-0.33926339044720155,0.061062665169069205
0.6676807410941128,0.8984057478701666,0.011585792450577899
-0.31695903832290195,-0.383973820222286,0.3661799792932138
-0.49844266793932124,-0.8334461688300863,0.08337131845152831
0.041020895718254735,-0.3643499572891191,0.983313646667153
0.6365741209441396,0.5015756779926517,0.04684643768786108
0.9085275889642943,0.6617026039851239,0.0022581259647315925
0.01238517866832467,-0.44039948572492427,0.9984672493574939
0.13539544100284395,-0.4719242824383536,0.8325023332376932
-0.6478144597940059,-0.7531475649158588,0.01504611074892971
0.46418761438816003,-0.7506632438138634,0.1159378029064379
0.8274896397846754,-0.44530952583354555,0.015115193674566256
-0.6692557232004395,0.8507190864273921,0.011344386596800071
-0.34619293324684985,-0.08085281437275071,0.7211855098335727
-0.562927322842159,-0.592262017020756,0.04437123913238485
-0.4040071301997181,-0.005721628499080644,0.9983644872769288
-0.6817587410077164,0.9196201998541567,0.009581225145693758
-0.5627124842999076,-0.5409156646517548,0.0594254953562054
-0.40533619533820886,-0.012741304304505485,0.9919158124613894
-0.9501961222321,0.6424347396573402,0.00173832760274294
-0.08817007469764082,-0.9857544722722109,0.925205299471012
-0.3397337393052311,0.19387705504058506,0.5816461073587591
-0.8660088795001895,0.13769647731168577,0.38750908193863903
0.8678028706800966,0.22175515720831918,0.08554031553703172
-0.21961708420413517,0.7185083850486933,0.6173515546282368
0.3586954832840996,-0.215514833435146,0.520793372136713
0.5580954492278094,-0.9331860244957839,0.044391587221603475
-0.7172169333077765,-0.11031798399568449,0.5441649399502432
-0.840838874378457,-0.6857007624648797,0.003472660756494171
0.6978399935080994,0.34646170236933216,0.06008841083342182
0.36171318013193954,-0.7992372300256743,0.2702617765763236
0.33174873891664425,-0.5653647835560196,0.3326806501417936
0.010429574013219645,0.6776176906387588,0.9989128312556379
-0.21725491462419844,-0.9020739265753357,0.6237553971030155
-0.633014552554217,0.8414623925791107,0.018186526932876104
0.9961082176430884,0.14521850844362905,0.34839417280585344
-0.979607591414767,-0.6879027651846428,0.0009672411769475304
-0.5993748952214055,0.41512568000348393,0.08761926152514499
-0.5695582444297023,-0.07013322296672264,0.7819742650003951
0.701146915567955,0.44348048102450743,0.0400243956315714
0.5026617975987515,-0.9031452979782517,0.07992322219877562
0.4264271922921421,-0.10425392087098873,0.5807447189639555
-0.979033932376858,0.31080547676204695,0.007986503541774718
-0.05821129011797521,0.9726061308509444,0.9666821418707695
0.6693733569763209,0.3449450916223147,0.07338061456365656
0.2794057399575307,-0.9534046469399184,0.45809638234237016
0.7637914650122726,0.9778129570659357,0.002927009515740622
0.8377523287451571,0.6788957386915402,0.0037331668266692344
-0.6238865554922137,0.6125852583427116,0.027341977701864854
0.9396232439551477,-0.5603114311462849,0.0031477727146448017
-0.21060321065751286,-0.3632692563348985,0.6417624088942353
-0.5086766515987555,-0.8806884435513049,0.07520636889821096
0.6002053829813581,0.13118589130414127,0.4229560932176654
0.1438100116219303,0.9322219531619753,0.8131715407757305
-0.44569473138161997,-0.6886747057589497,0.1371832115719643
-0.2730132514229411,0.041747245678358524,0.9165472794364461
0.6579556255801429,0.7848350855996566,0.013179982834144626
-0.2544865614650931,-0.5506303106506538,0.5232823472645239
0.9413079181209894,0.22931878393115146,0.07212495102503319
-0.3367923180144965,-0.7985522703845758,0.3216502014781976
0.6644745431395234,0.9271305176714852,0.0120913593496815
0.4507173465346992,-0.5243519461858095,0.1311437453428846
-0.574615298833441,0.19586165656681298,0.19798201227339915
0.24581840388120768,0.044305109510806684,0.9150243511673107
0.04132952884911223,0.8942829762493756,0.9830637587458623
-0.4487736613506319,-0.6481636084284852,0.13345672763910976
-0.24970075846931472,-0.4185661997985448,0.5360624101720071
0.6213360589198151,-0.3326227084514257,0.10431519207086516
0.2622800068500326,0.17760488268814267,0.7568971269959307
-0.4031248516122876,-0.698682315373069,0.19689268204481145
-0.0072561545224383295,0.4812815338231684,0.9994736208016299
0.5108556827265982,-0.6617287856980649,0.07355401198199447
0.6910569960692556,0.6854798769794574,0.010953802568358097
0.6790925650244335,-0.7786804812578854,0.009935241267089471
-0.0686934750510011,0.35813927759520325,0.9539081078841214
-0.3863506893836912,0.28950799417888584,0.38974401853502644
0.9739610471472644,0.7894530701254125,0.00048273736732996854
0.28393064852753924,0.9994976292602853,0.4465668670119768
-0.879149670190178,-0.23460215562063103,0.06380596669798275
-0.6561976981884428,-0.8144029503880525,0.013488009261464618
0.33183006497376133,0.40104529620607243,0.33250116331357443
0.04610190622564314,0.392485377103883,0.9789704139659304
0.5845833363149548,0.49360192204657416,0.06695335330372693
-0.9069900214109159,-0.06404948949786493,0.8145521261600036
-0.9617529961253755,0.7770980983108835,0.0005984857465976542
0.723365217278856,-0.27427020144401326,0.06270818149257378
0.6875935290209856,0.23938126656327174,0.08827505550884261
-0.7649588524927424,0.8911864492521058,0.0028752361756053855
-0.373452460458632,0.1462623534836036,0.559252879350925
0.6109598251564399,-0.05568028092425936,0.8564026018125703
-0.8609213733891377,0.9624067582399867,0.0006040484720069055
-0.801879482466294,0.23513602060181515,0.06301090897654898
0.6487564477404053,0.5623395122941415,0.03135411606614464
0.6798751384347768,0.4652493420506154,0.041991325431029874
0.7917068782690164,0.7332371268596101,0.003701419903650214
0.8705976474058537,-0.331080951353262,0.016331969896086332
0.7291748228848152,-0.6050347384990156,0.014042438202934491
0.496758510959294,0.4923079467163982,0.10833390463951997
-0.5656494844599609,0.30085959167864695,0.16053623244631446
0.06521182380152468,-0.6134798667866859,0.9583657205481919
-0.6162576916201787,-0.8055014140824999,0.022421489556433437
-0.7115296456001039,-0.9600918299907382,0.006328168851255935
-0.2583043699822771,0.3150184694210034,0.5451766726627466
0.20040854442894096,0.7581080404216869,0.6692244015301141
0.47709797402310294,-0.7600515479119148,0.10267108312305986
0.5205789945223074,0.8968892937087514,0.06653515027664404
-0.9901484622196322,0.8690377290279994,0.00021284226484250942
-0.2759794074980184,-0.4424753034107136,0.46689712548095025
0.11251605260625586,0.03467775944614737,1.1662943564370651
-0.9937822044757989,0.12479208323140822,0.4590238075978836
0.6946973283427096,-0.8271861159936673,0.008018180284326054
0.9966302927037474,0.5569819611011064,0.0018466895499101253
-0.5792467251886986,0.8969448555918755,0.03490002664111498
0.10101338653271319,0.4418751605197042,0.9029961017367163
-0.6618828206217577,-0.9955706270018747,0.012514232500564527
-0.05694729732583115,-0.7167554583923321,0.968090265347415
-0.6601646100021736,0.3949190132716214,0.06484547510775426
0.18450437981931356,-0.4918588700969073,0.7114723941414173
-0.5299769554712561,0.5211565116197359,0.07892518793494391
-0.31225311804822464,-0.3736899340234192,0.3819034957218179
0.6139306789684351,0.8685441884776977,0.023072616771097166
0.35000860905982223,-0.6305586067243751,0.2937399977959237
-0.5785797255206522,-0.42676176304529,0.09430161582091424
0.1027672464182472,0.8909681095755195,0.8997745299119077
0.410095163178946,-0.48601010278565093,0.18604244569765083
0.5286537648032406,-0.662397258590248,0.061130275362851046
0.0764694747833059,-0.45167648068088173,0.9432010601787398
0.2141596049325849,0.7038414923381826,0.6321406489115367
-0.32359798491013225,0.5654659656476764,0.3509341926649132
-0.011479314746624558,0.18688770536850985,1.0490128781015908
-0.6582521286316416,0.033742625526431924,0.9446618569357559
0.006789296379178467,0.6064749567089174,0.9995391607657912
-0.02050615312005588,-0.7593043484288136,0.9958038055727065
0.08667879492825903,-0.4518283438293915,0.9276209071324383
0.22709047470577515,-0.37823197924200036,0.5970819907851591
0.4880512200988443,0.1817535363727072,0.3220662028022303
-0.39821779901663423,-0.3213725158579839,0.33751511121601363
0.48450664137530186,0.9005229695646138,0.09561105233888442
-0.961653721772211,0.14487959638160364,0.35011105585527147
-0.41490428076498187,0.5975365413089035,0.178805684906145
0.02752062837677105,0.13959938949555561,1.1296599730595887
0.6399054114317693,0.9977733101261104,0.016659255088857978
-0.18745021900185788,-0.5551489660554276,0.7037192140668347
0.6699781875260773,-0.9942147222328188,0.011235153423259139
0.8688103472740896,-0.8498900153273665,0.0007750533152515364
0.5408193254393399,0.02203645740551785,0.9760121218193849
-0.47607293852509014,0.5984159246887426,0.10367913100132685
-0.8567907771673797,-0.44208541721072026,0.011980125525441357
0.8905089688562271,0.29898550774523547,0.015163724705643731
-0.4380616406013129,-0.23681418992617354,0.3617683257067075
-0.801402329871215,-0.29797586161708267,0.03232116530232361
0.8085283885412486,-0.6820472021717752,0.004647670493623435
0.23815201255406349,0.9186091118095896,0.5671316525074258
0.10261061050811371,-0.12093476984506424,1.1022711924222948
-0.3903303385171153,0.3500573206419253,0.31621087778694745
0.22821820905407186,-0.7723587060741472,0.594024027893484
-0.5306561401082321,-0.18340576823421872,0.25845736706033773
0.4619759449787899,0.6745494640771146,0.11833712488689249
0.8356303912488099,-0.8434987527849731,0.0010855180588733144
0.5957629665910249,-0.2508586905348058,0.15471440290418031
0.6694093001331409,-0.36044756049138726,0.06945941015761363
-0.2452000913113337,-0.9776334158152624,0.5481365480546798
0.8185366527288005,0.9021837971191229,0.001230884184567026
0.9991434808966408,0.1425118520998081,0.36222801148939904
0.1814845333465851,0.08318836230825899,1.0241457535878382
-0.1605913614577268,-0.2378982789492219,0.8279667096059804
-0.6692680524693908,-0.9421527297078887,0.011342514584926815
0.28626777531514325,0.4840843233868559,0.44065527796001497
0.5502375217328204,-0.16714154276366955,0.2473836852879533
-0.7448967505713386,0.3387774484011412,0.04393416166510354
0.797982164605207,0.4093053154524797,0.022406855224919024
0.7642671403951824,0.6597917797125892,0.007642704693292266
-0.8268136514557154,-0.49125335380880597,0.012257591642847922
0.19637558137319044,-0.3794954220176334,0.6800195783083118
0.3211250224506894,0.41365039155334626,0.35657424482240746
-0.5005269956700398,0.6486856690604126,0.08165332531465903
0.5752171769930052,0.9062777340762795,0.03656192037606584
-0.8142929184759491,-0.15014464823679008,0.3239484859839176
0.034706598184561344,0.07314918794047953,1.2096932233534494
-0.01289991826889425,-0.8036469283174179,0.9983373048981765
-0.5656719178680167,-0.5620954504787024,0.05199870215590499
-0.5525782477330128,0.5521151386858161,0.059147220530101845
-0.5192260237008322,-0.6157457470490035,0.06747779913672834
0.7399378708035569,0.12748648065905965,0.44368512878100497
-0.24849468012752185,0.405245051424842,0.5392931056987498
-0.41072528082232607,-0.24552767873962655,0.3978214727125517
-0.04006540814035198,0.24950601568478548,0.9840757833512885
0.06521657751424836,0.617166254938414,0.95835977851561
-0.7438339464111527,-0.5661999033478373,0.0158242326697765
-0.16509911743517947,0.041311710561907855,1.0814704807155588
-0.8481005969260038,0.9301845703754259,0.0007520210630268755
0.0953028034673955,-0.5165811125680659,0.9131763674560137
-0.9205663951744509,0.1010138696644245,0.6003814395175463
0.5065401477040914,0.11863375439658852,0.4947521325690381
-0.7809762808705436,0.8182982321881962,0.00224457404035958
0.9062803622462199,-0.8241548341521114,0.0006893696856448419
0.3321710184383042,-0.7750608018529992,0.33174925385077314
-0.2840087193833969,0.2567424006502206,0.6006490168819829
0.565266811862043,-0.6496993880596298,0.04095564259258654
-0.6458635951417748,0.7643854075381009,0.015430675498717267
0.4050115964730998,0.12419674217452159,0.5095880784633451
0.4228391602589785,-0.9760732434915704,0.1673062097063895
0.09884979382927717,0.777358057927142,0.9069093149335566
0.1536742796555346,0.4531884678646867,0.7896560229911666
-0.3239144674728802,-0.7453204901913257,0.3502157722243082
0.7639976100561829,-0.4468911765029322,0.024875377809667983
-0.40283918369308824,0.2472136463769472,0.40908741259309034
-0.7930497883547016,-0.6018624484528037,0.008802774553500245
-0.9134510816557679,0.04824498496975527,0.890137860568392
-0.3924658923779696,-0.3625792104002834,0.2998951842650801
0.3411884808229897,-0.48682687515849676,0.31220483178127334
0.6999086178881975,0.4297350478072157,0.04287021975845415
0.5702928606444628,-0.1367613312570628,0.3925139949937893
-0.6402904807191174,-0.024816200919214326,0.9696770593691231
0.2456380500089237,-0.807358679945468,0.5469595018589959
0.07708376504401993,-0.9571461464628477,0.942311793368963
0.7115573650804239,0.418498440378235,0.04141423607631205
-0.13351212420630598,0.7308099662455732,0.8367291365598069
0.5777304704327821,0.2832032531073938,0.1577506994160774
0.0459366631603797,-0.31667444971824454,0.9791193143077704
0.25519320572973125,-0.6648076702540109,0.5214010714658827
-0.23512465155663365,-0.8096530152352384,0.575315888519172
-0.6954327136429261,0.7439007076698514,0.007936629484294527
-0.3325729275556677,-0.47053795021127254,0.3308641134007629
-0.35080974256398245,0.9134822168193122,0.29209541839203956
0.8815692110959319,0.8702235517829819,0.0005819517782906329
0.7242500522640241,0.24278435172401558,0.06759181744867478
0.8312994143261039,0.29557340392999953,0.02550276973813935
-0.5178086100385428,-0.19035805286649454,0.2728955457560562
-0.25479644985549643,-0.4854179119288935,0.5224571497313905
0.5975723921929688,0.1010786628290643,0.5999884919906078
-0.9944012360007171,-0.36010147542102944,0.0046569669936077
-0.6663789225700443,0.45600470841616114,0.047985218596652446
-0.10422942896781606,-0.4317806112211686,0.8970553271357365
-0.3787244744030087,0.6397034983697545,0.23827679541844304
0.41161486048327944,-0.8009923512386052,0.18373368504411963
0.7163410051097014,0.9886913087327611,0.005908021022457438
-0.5702905960602238,-0.5914866013038278,0.04275388262571793
-0.42267530218253735,0.39804480035208023,0.23169653102419985
0.16734106569628904,0.8297869737280219,0.7557608244118447
0.20548457262929043,0.6408446411720645,0.655577274823665
0.6882638440980469,0.4115732512919279,0.05016916168848109
-0.032758993707377115,0.25187257916149686,0.989325860606123
-0.9375320305399568,0.5498744998992742,0.0034016392937807685
0.15633036398632605,-0.40415662890623794,0.7831807027574499
0.9763187613371134,-0.1704523100634081,0.23393791945496387
0.8153088660375918,-0.5901168459859161,0.00789371312364629
0.6829871005373085,-0.17586035907160658,0.21302552289785612
0.204086264323466,-0.5388413762381419,0.6593425789740074
-0.13341038468207445,-0.6683579592173887,0.8369563943419418
-0.4521352063660562,-0.8089999909634775,0.12947564974801928
-0.407566998484173,0.2982451756094049,0.34918211834226937
-0.9969864643802873,-0.286147465915364,0.016672100047671126
-0.12471151784335022,0.8143388847670896,0.8559617171227641
0.8725180091517271,-0.8699677069080585,0.0006314360516770913
0.12337323618285478,-0.8131367040485613,0.8588082951164401
-0.5236014529762789,-0.6667662843016835,0.0644680958467718
-0.36106145155688263,0.5355840665580576,0.2715378556045093
-0.40290116813047594,0.8169878965559902,0.19724798933194493
-0.30414274174140776,0.9717542165350852,0.39652028719067134
0.5060837417508328,-0.08662596202005002,0.687149866133792
0.7991967083286504,-0.06217346945317437,0.8242536117379309
0.6639215320810532,0.2989833136666058,0.0882333242163437
-0.9189039146661966,-0.6379397709933694,0.0023968156677792165
0.005579515440687022,-0.6986442514823321,0.9996887385263782
0.4155975069022777,-0.6410144587177049,0.17777921256696247
-0.2230198834796,-0.03865521935705263,0.9675221882593543
0.9137711448277446,-0.159457609157025,0.2804565533865103
0.5617242412789485,-0.9625562122004234,0.042623853870691
0.9137914037713104,-0.6152247154119153,0.0028959636712771086
0.5435519325687321,0.24208657861994576,0.21285810192474733
0.14673446426615588,0.2970420848516646,0.8062914268644157
0.9486265248634858,-0.5526310585524639,0.0030175099684781282
0.22352599860009215,0.5637884565478888,0.606749826392918
-0.7894970431677766,0.6488168923425754,0.00675007843959494
-0.32691306281747545,0.84339045398959,0.3434473320616447
-0.4164806218976109,0.41160913723817893,0.22509170094396352
0.35815313692337947,0.30494686061518883,0.41346279882919823
0.05258401140118707,-0.6177835352077012,0.972728001086378
-0.9102353253387323,-0.33148734114492684,0.011459714590426781
-0.33069666785315865,-0.7812846062443599,0.3350073318450894
0.07818775667468292,-0.7681567099922915,0.9406978806674084
0.49521146060994603,0.693654791568538,0.08609155920026047
0.10073206473984309,-0.022403454161758374,1.1851854179474748
0.5167809733697937,0.18041249423280248,0.2794553744393838
-0.05891228358956968,0.756110721017653,0.9658887939052283
-0.908764338402873,0.8409705182518559,0.0005859496900125155
-0.3007087577053442,0.4997512356113989,0.4048423408137202
0.35005566911310515,-0.3017771036666852,0.4296010002058969
0.17951915290902365,-0.39869466062575176,0.7245016334665444
-0.5572585043624503,-0.7185676423842993,0.044807918325479416
-0.6475542639179959,-0.5280424189897914,0.038096492801500285
-0.227459361434053,-0.49583247977409517,0.5960816581161308
0.5437469887502622,0.516775846280106,0.07498653131395601
0.038116102952380215,0.3402721191596061,0.9855766545271029
0.9381730538185222,-0.9895011356498948,0.0001504790345023172
0.13978920168194198,-0.32772015418669476,0.8224971930375425
-0.5855209544700692,0.6211099864401246,0.0327151022371088
0.15018741592943718,0.8144666434098986,0.7980671006533309
0.8938998939323526,-0.9729115427400383,0.0003386409339801924
-0.13291798260430676,-0.1798812475621152,0.9733819594407095
0.407908712656871,0.12885556215361182,0.5006626202168302
-0.19108530736132545,-0.3315736453987619,0.6941022834142868
-0.601640167312298,-0.9395209767791339,0.026790473817217976
0.6636088843386025,0.24954900328577456,0.10125494539751619
-0.4057125852137915,0.12468370886730007,0.5078342856486208
-0.616855214657869,0.3952404867601884,0.0853936582928408
0.3917066574979702,-0.6332739845942017,0.2155977113459158
-0.3556179966670301,-0.46066999844686807,0.28234047009405344
0.8541968855248807,-0.28542075658120925,0.02165664190083228
0.5219252622206985,0.46065899517544384,0.11081203465063716
0.3049026225754503,0.7875137390132154,0.39468942367345655
-0.6567695734669918,-0.13733615488554185,0.38943396265416236
-0.8468972166101236,0.5115744019940962,0.009357540687545947
0.6303245789509957,0.6986282911541486,0.01881519015737815
0.7552869669973259,0.11413737773077015,0.5213326017896153
0.23922506780511577,-0.7032340907783678,0.5642339375099553
-0.9769828448763229,-0.5339427292922398,0.0025419900119822607
0.53517722886093,-0.8330059362612976,0.05703177770419292
0.11284538774609709,0.6719563491370073,0.8804335561823265
0.7526124945325101,0.8559779445130327,0.0034677279488434386
-0.8730431649436896,-0.966047927902693,0.0004895403450017553
0.08799606974431562,0.6808898795507563,0.9254889533572694
-0.39064410056690857,0.359402108769443,0.3055261538155156
0.5162479728555001,-0.3961301887197688,0.1504669337630158
0.4360804567002665,-0.024104252638146306,0.9713671665629953
0.9364661125370246,0.12376757681061012,0.46490571682076265
-0.25830894028497897,0.16014272013498232,0.7876492157589209
0.04624882990806589,-0.7468601090488645,0.9788375912764239
0.9488467391279907,0.3387860281192867,0.007810494626331798
-0.8006554558594106,-0.9485097919348215,0.001644216023254027
-0.5959911986232187,-0.6542753638680048,0.028665668597663757
-0.45940729220924426,-0.5430815005984633,0.12117123101934642
-0.4646376504173999,-0.6753792988023322,0.11545418875525933
0.2858248939067105,-0.31985416310576587,0.49814243596905183
0.7233869897416396,0.15613906002379485,0.2955343210320854
-0.8158853123849119,0.051336098447687606,0.8765427956570222
